customerNameCode,supplierNameCode,total_trips
Amalgamations valeo clutch pvt,KASAM TRANSPORT SERVICE,1
Ashok Leyland Limited,GAYATHRI TRANSPORT,26
Ashok Leyland Limited,S.M.G Transport,9
Ashok Leyland Limited,SREE MAHAA ROADLINES,2
Ashok Leyland Limited,Unknown,2
Ashok Leyland Limited,NEW GOLDEN ROADINES CHENNAI,1
Ashok leyland limited,SRI PACHIAMMAN TRANSPORT,93
Ashok leyland limited,VINAYAKA ROADLINES,31
Ashok leyland limited,A.V.TRANSPORTS,12
Ashok leyland limited,VIJAY TRANSPORT,10
Ashok leyland limited,GAYATHRI TRANSPORT,9
Ashok leyland limited,S.M.G Transport,9
Ashok leyland limited,NEW CHENNAI ROYAL TRANSPORT,8
Ashok leyland limited,Vijay Transport,8
Ashok leyland limited,ANNAI VELANKANNI TRANSPORT,7
Ashok leyland limited,BRINDAVAN ROADWAYS,7
Ashok leyland limited,KRISHNA TRANSPORT,5
Ashok leyland limited,New Chennai Royal Transport,4
Ashok leyland limited,PACHAIYAMMAL ROADWAYS,4
Ashok leyland limited,BALLY LOGISTICS & WAREHOUSING PRIVATE LIMITED,1
Ashok leyland limited,S.M.G TRANSPORT,1
Ashok leyland limited,SREE MAHAA ROADLINES,1
Ashok leyland limited,SREE SAKTHI TRANSPORT,1
Brakes india private ltd,KRC Logistics,100
Brakes india private ltd,TRANS CARGO INDIA,19
Brakes india private ltd,R.Sai logistics india PVT.LTD,12
Brakes india private ltd,Unknown,7
Brakes india private ltd,SHREE OM TRANSPORT COMPANY,6
Brakes india private ltd,VJ Logistics,6
Brakes india private ltd,Arvinth Transport,2
Brakes india private ltd,Pratiksha Freight Carriers,2
Brakes india private ltd,TRANS CARGO PVT LTD,2
Brakes india private ltd,A S TRANS SOLUTION,1
Brakes india private ltd,ANUSHA LOGISTICS,1
Brakes india private ltd,FRIENDS TRANSPORT,1
Brakes india private ltd,New Olog Logistics Pvt Ltd,1
Brakes india private ltd,OMS LOGISTICS PVT LTD,1
Comstar automotive technologies pvt ltd,Sree Sakthi Transport,5
Comstar automotive technologies pvt ltd,DAIWAN DEVIDAS KADAM,4
Comstar automotive technologies pvt ltd,KIRAN BAJIRAO SHINDE,4
Comstar automotive technologies pvt ltd,Jai Hari Transports,2
Comstar automotive technologies pvt ltd,S D CHAVAN,1
Continental automotive components india,The Gurawalia Transport co,1
Cummins technologies india pvt ltd,EASTERN TRANSPORT AGENCY,2
Cummins technologies india pvt ltd,EKTA TRANSPORT COMPANY,1
Daimler india commercial vehicles pvt lt,VJ LOGISTICS,83
Daimler india commercial vehicles pvt lt,NAMAKKAL SRI ANJINAYA TRANSPORT,74
Daimler india commercial vehicles pvt lt,VJ Logistics,72
Daimler india commercial vehicles pvt lt,ARVINTH TRANSPORT,66
Daimler india commercial vehicles pvt lt,Arvinth Transport,52
Daimler india commercial vehicles pvt lt,ESWAR TRANSPORT,48
Daimler india commercial vehicles pvt lt,SUSEE TRANSPORTER,45
Daimler india commercial vehicles pvt lt,KRC Logistics,40
Daimler india commercial vehicles pvt lt,R.Sai logistics india PVT.LTD,22
Daimler india commercial vehicles pvt lt,RAGUL TRANSPORT,12
Daimler india commercial vehicles pvt lt,TRANS CARGO INDIA,10
Daimler india commercial vehicles pvt lt,KRC LOGISTICS,9
Daimler india commercial vehicles pvt lt,OMS LOGISTICS PVT LTD,9
Daimler india commercial vehicles pvt lt,New Chennai Royal Transport,7
Daimler india commercial vehicles pvt lt,DHEEPIKAA ROADLINES,5
Daimler india commercial vehicles pvt lt,Pratiksha Freight Carriers,5
Daimler india commercial vehicles pvt lt,MUTHALA AMMAN TRANSPORT,4
Daimler india commercial vehicles pvt lt,Unknown,4
Daimler india commercial vehicles pvt lt,ARCHANA TRANSPORT,2
Daimler india commercial vehicles pvt lt,EKTA TRANSPORT COMPANY,2
Daimler india commercial vehicles pvt lt,S D CHAVAN,2
Daimler india commercial vehicles pvt lt,SHREE OM TRANSPORT COMPANY,2
Daimler india commercial vehicles pvt lt,SR RAJA TRANS,2
Daimler india commercial vehicles pvt lt,TROCKO LOGI PRIVATE LIMITED,2
Daimler india commercial vehicles pvt lt,A S TRANS SOLUTION,1
Daimler india commercial vehicles pvt lt,DAIWAN DEVIDAS KADAM,1
Daimler india commercial vehicles pvt lt,POWER LOGISTICS,1
Daimler india commercial vehicles pvt lt,PRATIKSHA  FREIGHT CARRIERS,1
Daimler india commercial vehicles pvt lt,QUICK DIGITAL TECHNOLOGIES PVT LIMITED,1
Daimler india commercial vehicles pvt lt,Quick Digital Technologies Pvt Ltd,1
Daimler india commercial vehicles pvt lt,RENUKA CARGO CARRIERS,1
Daimler india commercial vehicles pvt lt,UDAYA LOGISTICS,1
Daimler india commercial vehicles pvt lt,VIKAS LOGISTICS OF INDIA,1
Ericsson india private limited,Rajdhani Roadways,64
Ericsson india private limited,PAWAN R LOGISTICS,26
Ericsson india private limited,NEW CHANDIGARH HARYANA ROADWAY,19
Ericsson india private limited,NORTH SOUTH LOGISTICS SERVICE,15
Ericsson india private limited,IMPRINTS INFRASTUCTURE AND LOGISTICS LTD.,14
Ericsson india private limited,Gunjan Logistics,12
Ericsson india private limited,ASSAM ROADWAYS,11
Ericsson india private limited,Unknown,10
Ericsson india private limited,Fortigo Transport Agency Pvt. Ltd.,9
Ericsson india private limited,Pranav Transport,6
Ericsson india private limited,BHARATIYA ROADLINES PVT. LTD.,3
Ericsson india private limited,EASTERN TRANSPORT AGENCY,3
Ericsson india private limited,North South,3
Ericsson india private limited,A ONE ASSOCIATED,2
Ericsson india private limited,ADM Logistics,1
Ericsson india private limited,ANUSHA LOGISTICS,1
Ericsson india private limited,Aakash Logistics,1
Ericsson india private limited,DELHI RAJASTHAN ROADWAYS,1
Ericsson india private limited,DIMOND LOGISTICS,1
Ericsson india private limited,EAST INDIA,1
Ericsson india private limited,Jai Ganga Transport Company,1
Ericsson india private limited,MAHAVEERA TRANSPORT PVT. LTD. ,1
Ericsson india private limited,Munjal Transport,1
Ericsson india private limited,N Tex,1
Ericsson india private limited,NATIONAL LOGISTICS,1
Ericsson india private limited,Nav Bharath,1
Ericsson india private limited,SUNDAR,1
Ericsson india private limited,Siraj ahmed,1
Flyjac logistics pvt ltd,DAIWAN DEVIDAS KADAM,1
Ford india private limited,EKTA TRANSPORT COMPANY,192
Ford india private limited,TRANS CARGO INDIA,135
Ford india private limited,EKTA TRAVELS,51
Ford india private limited,Sterling Translogistics Private Limited,30
Ford india private limited,FRIENDS TRANSPORT,27
Ford india private limited,R.Sai logistics india PVT.LTD,25
Ford india private limited,A S TRANS SOLUTION,24
Ford india private limited,Unknown,20
Ford india private limited,APACE TRANSCO PVT. LTD.,19
Ford india private limited,Amar Jyoti Logistics Pvt. Ltd,12
Ford india private limited,SRI VINAYAKA  TRANSPORT,11
Ford india private limited,EASTERN TRANSPORT AGENCY,10
Ford india private limited,OTS LIMITED,10
Ford india private limited,SRI CHAKRA LOGISTICS,10
Ford india private limited,SAHIL CARGO CARRIERS,8
Ford india private limited,VJ Logistics,8
Ford india private limited,A ONE ASSOCIATED,7
Ford india private limited,SHREE OM TRANSPORT COMPANY,7
Ford india private limited,KRC Logistics,6
Ford india private limited,NGX Logistics Pvt Ltd,6
Ford india private limited,EFC INFRASTRUCTURES PRIVATE LIMITED,4
Ford india private limited,New Chennai Royal Transport,4
Ford india private limited,UDAYA LOGISTICS,4
Ford india private limited,Pratiksha Freight Carriers,3
Ford india private limited,S.M EXPRESS,3
Ford india private limited,Sree Sakthi Transport,3
Ford india private limited,TRANS CARGO PVT LTD,3
Ford india private limited,Jai Hari Transports,2
Ford india private limited,SM EXPRESS,2
Ford india private limited,SUKHBIR SINGH,2
Ford india private limited,Arvinth Transport,1
Ford india private limited,GURUCHANRA  ROADLINES,1
Ford india private limited,INSTANT TRANSPORT SOLUTION PRIVATE LIMITED,1
Ford india private limited,NORTH SOUTH LOGISTICS SERVICE,1
Ford india private limited,Nav Bharath,1
Ford india private limited,OMS LOGISTICS PVT LTD,1
Ford india private limited,Om Logisticare,1
Ford india private limited,PAWAN R LOGISTICS,1
Ford india private limited,PREM TPT GPS,1
G-tekt india pvt ltd.,NEW DWARKESH TRANSPORT,9
G-tekt india pvt ltd.,APACE TRANSCO PVT. LTD.,2
G-tekt india pvt ltd.,EKTA TRANSPORT COMPANY,2
G-tekt india pvt ltd.,Unknown,1
Getrag transmissions india pvt ltd,Pratiksha Freight Carriers,3
Getrag transmissions india pvt ltd,AMAN ROADWAYS,1
Hero motocorp ltd,VIRS TEMPO SERVICE,10
Hero motocorp ltd,BHIWADI DELHI ROADLINES,4
Hero motocorp ltd,GARG TRANSPORT COMPANY,3
Hero motocorp ltd,SARJEET TRANSPORT CO.,2
Hero motocorp ltd,VIDHI TRANSPORT COMPANY,1
Hi-tech gears ltd,DHILLON GOODS TRANSPORT,1
Jay bharat maruti limited,CTC TRANSLOGISTIC PVT LTD,5
Jay bharat maruti limited,CTC Translogistic Pvt Ltd,2
Jbm kanemitsu pulleys pvt ltd,CTC TRANSLOGISTIC PVT LTD,1
Jbm ma automotive pvt ltd,SRI VINAYAKA  TRANSPORT,2
Jindal poly films ltd,MITTAL LOGISTICS PVT.LTD,10
Jindal poly films ltd,BIG TRUCK TECHNOLOGIES PVT LTD,2
Jindal poly films ltd,VNV ENTERPRISES,2
Jindal poly films ltd,Oms Logistics And Transport System,1
Jindal poly films ltd,Skywing Carriers Pvt. Ltd.,1
Kone elevator india private limited,Unknown,39
Kone elevator india private limited,Pratiksha Freight Carriers,6
Kone elevator india private limited,EKTA TRANSPORT COMPANY,4
Kone elevator india private limited,New Chennai Royal Transport,4
Kone elevator india private limited,R.Sai logistics india PVT.LTD,3
Kone elevator india private limited,TRANS CARGO INDIA,3
Kone elevator india private limited,SRI OM CARGO CHENNAI,2
Kone elevator india private limited,A S TRANS SOLUTION,1
Kone elevator india private limited,CONDOR SUPPLY CHAIN SOLUTIONS,1
Kone elevator india private limited,S.R.RAJA LOGISTICS,1
Kone elevator india private limited,SRI CHAKRA LOGISTICS,1
Kone elevator india private limited,SRI HARI ROADWAYS ,1
Kone elevator india private limited,SRK Transport,1
Kone elevator india private limited,Transway Cargo Lifters Pvt Ltd,1
Kusauto india pvt ltd,PAWAN R LOGISTICS,3
Larsen & toubro limited,Unknown,550
Larsen & toubro limited,A S TRANSPORTS,496
Larsen & toubro limited,SUNITA CARRIERS PRIVATE LIMITED,496
Larsen & toubro limited,K.RAMACHANDRAN TRANSPORTS,224
Larsen & toubro limited,DISTRIBUTION LOGISTICS INFRASTRUCTURE PRIVATE LTD,210
Larsen & toubro limited,S.B.TRANSPORT COMPANY ,183
Larsen & toubro limited,A P R TRAILLER SERVICE,164
Larsen & toubro limited,AS Logistics,155
Larsen & toubro limited,SHRI GANESH TRADERS AND TRANSPORTER,150
Larsen & toubro limited,SHRI SAI ENTERPRISES,137
Larsen & toubro limited,BABA LINGARAJ ENTERPRISES PVT LTD,124
Larsen & toubro limited,BALAJI FREIGHT CARRIER,118
Larsen & toubro limited,K M R TRANSPORT,89
Larsen & toubro limited,B K Roadlines,87
Larsen & toubro limited,SENGAR ROAD LINES,64
Larsen & toubro limited,FAST TRADERS,60
Larsen & toubro limited,UNITED FREIGHT CARRIERS PRIVATE LIMITED,57
Larsen & toubro limited,MULURA LOGISTICS PRIVATE LIMITDE,56
Larsen & toubro limited,Rossline Logistics,47
Larsen & toubro limited,SAR LOGISTICS PRIVATE LIMITED,45
Larsen & toubro limited,VINOD KAPOOR AND SONS,44
Larsen & toubro limited,AJAY TRAILOR SERVICE,35
Larsen & toubro limited,ANMOL TRANSPORT SERVICE,27
Larsen & toubro limited,MISHARA BROTHERES,25
Larsen & toubro limited,Rathi Road Lines,23
Larsen & toubro limited,SHAKTI ROAD LINE ,23
Larsen & toubro limited,BURNPUR TRAILER SERVICE,17
Larsen & toubro limited,Srinivas Reddy Hanmanolla,15
Larsen & toubro limited,K.Ramachandran Transports,14
Larsen & toubro limited,SASS TRANSPORTS&LOGISTICS,14
Larsen & toubro limited,YACHA SUDHAKAR REEDY,14
Larsen & toubro limited,K.VIKRAM REDDY,13
Larsen & toubro limited,NANDIGAMA PRABHU GOUD,13
Larsen & toubro limited,SRI RAGHAVENDRA LORRY TRANSPORT-VJD,13
Larsen & toubro limited,SIDDHI VINAYAK LOGISTICS,10
Larsen & toubro limited,UTLA SRINIVASA GOUD,10
Larsen & toubro limited,Shree Sai Ram Transport Servic,9
Larsen & toubro limited,TALLA LAXMAIAH,9
Larsen & toubro limited,VIJAYAWADA WEST BENGAL LORRY TRANSPORT,9
Larsen & toubro limited,Sri Ayyappan Agencies,8
Larsen & toubro limited,krishna balaji logistics,8
Larsen & toubro limited,AML TRAILOR SERVICE,7
Larsen & toubro limited,DEWANCHAND & SONS,7
Larsen & toubro limited,PERICHARLA SUBRAHMANYA V RAJU,7
Larsen & toubro limited,SHAJAHAN A,7
Larsen & toubro limited,MURUGAVEL 85,6
Larsen & toubro limited,SRI RAGHAVENDRA LORRY TRANSPORT,6
Larsen & toubro limited,Saini Trailer Transport Service,6
Larsen & toubro limited,TVS LOGISTICS SERVICES LIMITE_TO,6
Larsen & toubro limited,UNIQUE INDUSTRIES,6
Larsen & toubro limited,KPS Transport,5
Larsen & toubro limited,King Lorry Booking Office Uduman Ali,5
Larsen & toubro limited,MGR TRANSPORT,5
Larsen & toubro limited,Mataji Roadlines ,5
Larsen & toubro limited,Ravichandiran P ,5
Larsen & toubro limited,SHREE MATESHWARI TRANSPORT PRIVATE LIMITED,5
Larsen & toubro limited,Deepam Transport Tamilpulavan K,4
Larsen & toubro limited,Kerala Puducherry Transports Maruthamalai E,4
Larsen & toubro limited,MUTHAIYAN V,4
Larsen & toubro limited,Surekhaben Kalubhai Nakum,4
Larsen & toubro limited,VIZAG FRIEGHT SERVICES,4
Larsen & toubro limited,BIG TRUCK TECHNOLOGIES PVT LTD,3
Larsen & toubro limited,DONTHALA JANARDHANA RAO,3
Larsen & toubro limited,Direct Trailer Line,3
Larsen & toubro limited,Iyyappa Transport Tamilselvan K,3
Larsen & toubro limited,KANAPURAM NAGIREDDY,3
Larsen & toubro limited,Kolkata Mumbai Carrier,3
Larsen & toubro limited,RL ROADWAYS,3
Larsen & toubro limited,SMB,3
Larsen & toubro limited,SWAMY TPT,3
Larsen & toubro limited,Sar Logistics Pvt Ltd,3
Larsen & toubro limited,Shri Ambika Transway ,3
Larsen & toubro limited,AS Cargo Movers,2
Larsen & toubro limited,BALI BHANU,2
Larsen & toubro limited,DOT ONN BUSINESS SERVICES PRIVATE LIMITED,2
Larsen & toubro limited,KADAVATH RAVI,2
Larsen & toubro limited,KANNAN THUNAI,2
Larsen & toubro limited,KASINATHAN A,2
Larsen & toubro limited,MS ROADWAYS,2
Larsen & toubro limited,New P.S.Logistics,2
Larsen & toubro limited,PGR INDUSTRIES,2
Larsen & toubro limited,SANGAM TRAILER SERVICES  ,2
Larsen & toubro limited,SD Transport Company,2
Larsen & toubro limited,SHIVAM ROAD LINES,2
Larsen & toubro limited,SMB Roadlines,2
Larsen & toubro limited,Shiv Sai transport,2
Larsen & toubro limited,TAMIL TRANSPORT,2
Larsen & toubro limited,THEENATHAYALAN S,2
Larsen & toubro limited,WDSI Transport,2
Larsen & toubro limited,A S Transport Service,1
Larsen & toubro limited,A SIVA PRASADA REDDY,1
Larsen & toubro limited,AKR Transport,1
Larsen & toubro limited,AKS,1
Larsen & toubro limited,AMMA TRANSPORT,1
Larsen & toubro limited,AMMAI APPA,1
Larsen & toubro limited,ANGEL ROAD LINES ,1
Larsen & toubro limited,ARUNKUMAR GULABCHANDRA JAISWAL,1
Larsen & toubro limited,AST TRANS,1
Larsen & toubro limited,Bantti Roadline,1
Larsen & toubro limited,Chaturbhuj Logistics DELHI,1
Larsen & toubro limited,East Coast Logistics Pvt Ltd. ,1
Larsen & toubro limited,GALAXY LOGISTICS,1
Larsen & toubro limited,GOVINDA CARGO,1
Larsen & toubro limited,GST,1
Larsen & toubro limited,Haroon Rasheedh,1
Larsen & toubro limited,JDR Logistics Bhaskar S ,1
Larsen & toubro limited,K M TRANS LOGISTICS PRIVATE LIMITED,1
Larsen & toubro limited,K.L.TRANSPORT,1
Larsen & toubro limited,KANAPURAM SANJEEV REDDY,1
Larsen & toubro limited,KMR TRANSPORT,1
Larsen & toubro limited,KPR SANKARI,1
Larsen & toubro limited,Kandi Venkatareddy,1
Larsen & toubro limited,MOHAMMED TAJUDDIN,1
Larsen & toubro limited,MPR SEKAR,1
Larsen & toubro limited,MRM TRANSPORT,1
Larsen & toubro limited,MURUGAN THUNAI,1
Larsen & toubro limited,Manikandan,1
Larsen & toubro limited,NEW PKS,1
Larsen & toubro limited,PANDARANKI BALAJI,1
Larsen & toubro limited,RDA ROADWAYS,1
Larsen & toubro limited,S.R. TRANSPORT,1
Larsen & toubro limited,SAKTHIVEL C P,1
Larsen & toubro limited,SATKAR ROAD LINKERS,1
Larsen & toubro limited,SINGH CARGO MOVERS,1
Larsen & toubro limited,SPT TRANSPORT,1
Larsen & toubro limited,SREE KUMARAN TRANSPORT,1
Larsen & toubro limited,SRI BALAJI VELU,1
Larsen & toubro limited,SRI BHAVANI TRAILER TRANSPORT,1
Larsen & toubro limited,SRI SELVA VINAYAGA TRANSPORT,1
Larsen & toubro limited,SRI VETRIVEL MURUGAN,1
Larsen & toubro limited,SUHAIL,1
Larsen & toubro limited,SUN VSG,1
Larsen & toubro limited,Sekar P ,1
Larsen & toubro limited,Sr Transports,1
Larsen & toubro limited,Sree Padmanabha Transport,1
Larsen & toubro limited,Sunita,1
Larsen & toubro limited,Surya Roadlines,1
Larsen & toubro limited,Trans earth logistics,1
Larsen & toubro limited,USHA CARRIERS PVT LTD,1
Larsen & toubro limited,Y Babu,1
Larsen & toubro limited,unknow,1
Lucas tvs ltd,SR TRANSPORTS,120
Lucas tvs ltd,TRANS CARGO INDIA,32
Lucas tvs ltd,KRC Logistics,13
Lucas tvs ltd,G.S. TRANSPORT,11
Lucas tvs ltd,Jai Hari Transports,11
Lucas tvs ltd,EKTA TRANSPORT COMPANY,10
Lucas tvs ltd,New Chennai Royal Transport,3
Lucas tvs ltd,Unknown,3
Lucas tvs ltd,VJ Logistics,3
Lucas tvs ltd,Arvinth Transport,2
Lucas tvs ltd,M.R.TRANSPORT,2
Lucas tvs ltd,SMAT TRANSPORT,2
Lucas tvs ltd,A.V.TRANSPORTS,1
Lucas tvs ltd,Amar Jyoti Logistics Pvt. Ltd,1
Lucas tvs ltd,DAIWAN DEVIDAS KADAM,1
Lucas tvs ltd,DHEEPIKAA ROADLINES,1
Lucas tvs ltd,EKTA TRAVELS,1
Lucas tvs ltd,GODAVARI LOGISTICS,1
Lucas tvs ltd,HABIB PRAKASH CHANDRAKANT,1
Lucas tvs ltd,PREM TPT GPS,1
Lucas tvs ltd,TANAJI RAOSAHEB KOLEKAR,1
Lucas tvs ltd,TRANS CARGO PVT LTD,1
Motherson sumi system ltd,KASAM TRANSPORT SERVICE,43
Motherson sumi system ltd,S R LOGISTICS,13
Motherson sumi system ltd,SAMANDAR CARGO,6
National engg.ind.ltd.,THE GURAWALIA TRANSPORT CO,5
Neel metal products ltd,SRI VINAYAKA  TRANSPORT,1
Otis elevator company (india) ltd,Unknown,98
Otis elevator company (india) ltd,Amar Jyoti Logistics Pvt. Ltd,2
Otis elevator company (india) ltd,SHREE OM TRANSPORT COMPANY,2
Otis elevator company (india) ltd,SYNERGISE SUPPLY CHAIN SOLUTIONS PVT LTD,2
Otis elevator company (india) ltd,SREE MAHAA ROADLINES,1
Otis elevator company (india) ltd,SRI HARI ROADWAYS ,1
Otis elevator company (india) ltd,Suresh N,1
Otis elevator company (india) ltd,TRANS CARGO INDIA,1
Praveen engineering products india pvt l,A.V.TRANSPORTS,4
Praveen engineering products india pvt l,NEW CHENNAI ROYAL TRANSPORT,2
Praveen engineering products india pvt l,SREE DEEPAM TRANSPORT,1
Rico auto industries ltd,DHILLON GOODS TRANSPORT,1
Rockman industries limited,VJ Logistics,12
Spicer india private ltd,KRC Logistics,11
Spicer india private ltd,OMS LOGISTICS PVT LTD,5
Spicer india private ltd,A S TRANS SOLUTION,1
Talbros automotive components ltd,DHILLON GOODS TRANSPORT,1
Tractors & farm equipment limited,AMAL TRANSPORT & TRAVELS,24
Turbo energy pvt ltd,PAWAN R LOGISTICS,15
Turbo energy pvt ltd,NORTH SOUTH LOGISTICS SERVICE,5
Turbo energy pvt ltd,M.MADHARA SAHIB TRANSPORT,3
Turbo energy pvt ltd,P V LOGISTICS,2
Tvs motor company limited,Sree Sakthi Transport,46
Tvs motor company limited,PATANJALI PARIVAHAN PRIVATE LIMITED,17
Tvs motor company limited,Super India Global Logistics Private Limited,9
Tvs motor company limited,OMS LOGISTICS PVT LTD,8
Tvs motor company limited,EKTA TRANSPORT COMPANY,6
Tvs motor company limited,SG TRANSPORT,3
Tvs motor company limited,ST TRANSPORT,3
Tvs motor company limited,Sri Balamurugan Transports,3
Tvs motor company limited,CCI LOGISTICS LIMITED,2
Tvs motor company limited,NCC TRANS LOGISTICS PVT LTD ,2
Tvs motor company limited,SREE SAKTHI TRANSPORT,2
Tvs motor company limited,Sg Transport,2
Tvs motor company limited,TANAJI RAOSAHEB KOLEKAR,2
Tvs motor company limited,DOSTI ROADLINES,1
Tvs motor company limited,EAST WEST ROADLINE,1
Tvs motor company limited,KIRAN BAJIRAO SHINDE,1
Tvs motor company limited,KRC Logistics,1
Tvs motor company limited,MGSKD SUPPLY CHAIN SOLUTION,1
Tvs motor company limited,SAM EXPRESS,1
Tvs motor company limited,SAMXPRESS,1
Tvs motor company limited,SHREE OM TRANSPORT COMPANY,1
Tvs motor company limited,SRI VINAYAGA TRANSPORT,1
Tvs motor company limited,SRI VINAYAKA  TRANSPORT,1
Tvs motor company limited,SV Global_Market Vehilce,1
Tvs motor company limited,VJ LOGISTICS,1
Tvs srichakra limited,Sree Sakthi Transport,19
Tvs srichakra limited,GURUCHANRA  ROADLINES,9
Tvs srichakra limited,SREE SAIRAM LOGISTICS,8
Tvs srichakra limited,SUBHAM EXPRESSWAYS LLP,7
Tvs srichakra limited,TCI SUPPLY CHAIN SOLUTIONS,3
Tvs srichakra limited,Arvind Road Carriers Pvt ltd,2
Tvs srichakra limited,MC ROAD LINES,2
Tvs srichakra limited,NET LOGISTICS,2
Tvs srichakra limited,EAST INDIA TRANSPORT AGENCY,1
Tvs srichakra limited,Lotus motor service,1
Tvs srichakra limited,Maxmile Trans Pvt Ltd,1
Tvs srichakra limited,PUSHPAK FREIGHT CARRIER,1
Tvs srichakra limited,VINAYAKHA TRANSPORT,1
Valeo india private ltd,NEW DWARKESH TRANSPORT,5
Valeo india private ltd,EKTA TRAVELS,4
Valeo india private ltd,EKTA TRANSPORT COMPANY,2
Valeo india private ltd,APACE TRANSCO PVT. LTD.,1
Wabco india ltd,BALLY LOGISTICS & WAREHOUSING PRIVATE LIMITED,10
Wabco india ltd,Bally Logistics And Warehousing Private Limited,3
Wipro enterprises pvt ltd,EKTA TRANSPORT COMPANY,29
Wipro enterprises pvt ltd,JUPITER EXPRESS CARRIER PVT. LTD,24
Wipro enterprises pvt ltd,Unknown,8
Wipro enterprises pvt ltd,CCI LOGISTICS LIMITED,3
Wipro enterprises pvt ltd,Super India Global Logistics Private Limited,3
Wipro enterprises pvt ltd,Transway Cargo Lifters Pvt Ltd,3
Wipro enterprises pvt ltd,NTEX TRANSPORTATION SERVICES PRIVATE LIMITED  ,2
Wipro enterprises pvt ltd,SRI VINAYAGA TRANSPORT,2
Wipro enterprises pvt ltd,Amar Jyoti Logistics Pvt. Ltd,1
Wipro enterprises pvt ltd,BIGTRANS INDIA PRIVATE LIMITED,1
Wipro enterprises pvt ltd,NORTH SOUTH LOGISTICS SERVICE,1
Wipro enterprises pvt ltd,Rahul Kumar,1
